model_name,accuracy,precision,recall,f1_score,roc_auc,best_hyperparameters
Full-Dataset_SupervisedGMM_AttackOnly_1%_Tune-1_aic,0.98794360926237,0.9862062057888131,0.9220171286231507,0.9516976254681134,N/A (Multi),"{'covariance_type': 'full', 'reg_covar': 1e-09, 'selection_metric': 'aic', 'tune_components': True, 'n_components': 1}"
Full-Dataset_SupervisedGMM_AttackOnly_1%_Tune-2_accuracy,0.9925577834952901,0.974072551880222,0.9508219710681045,0.9609243596547369,N/A (Multi),"{'covariance_type': 'full', 'reg_covar': 1e-09, 'selection_metric': 'accuracy', 'tune_components': True, 'n_components': 2}"
Full-Dataset_SupervisedGMM_AttackOnly_1%_Tune-2_f1_score,0.9925577834952901,0.974072551880222,0.9508219710681045,0.9609243596547369,N/A (Multi),"{'covariance_type': 'full', 'reg_covar': 1e-09, 'selection_metric': 'f1_score', 'tune_components': True, 'n_components': 2}"
Full-Dataset_SupervisedGMM_AttackOnly_1%_Fixed-3_aic,0.9919198792234578,0.9733107424453201,0.9457137249975262,0.9576900072310623,N/A (Multi),"{'covariance_type': 'full', 'reg_covar': 1e-09, 'selection_metric': 'aic', 'tune_components': False, 'n_components': 3}"
Full-Dataset_SupervisedGMM_AttackOnly_1%_Tune-1_aic,0.9918560887962746,0.9860646171715977,0.9465653715691843,0.9649610499591468,N/A (Multi),"{'covariance_type': 'full', 'reg_covar': 1e-06, 'selection_metric': 'aic', 'tune_components': True, 'n_components': 1}"
Full-Dataset_SupervisedGMM_AttackOnly_1%_Tune-2_accuracy,0.9936634842331328,0.9749161919144225,0.9599210183168566,0.9666710029812714,N/A (Multi),"{'covariance_type': 'full', 'reg_covar': 1e-06, 'selection_metric': 'accuracy', 'tune_components': True, 'n_components': 2}"
Full-Dataset_SupervisedGMM_AttackOnly_1%_Tune-2_f1_score,0.9936634842331328,0.9749161919144225,0.9599210183168566,0.9666710029812714,N/A (Multi),"{'covariance_type': 'full', 'reg_covar': 1e-06, 'selection_metric': 'f1_score', 'tune_components': True, 'n_components': 2}"
Full-Dataset_SupervisedGMM_AttackOnly_1%_Fixed-3_aic,0.9930255799613005,0.9767194890414875,0.954812772246278,0.9647284038419416,N/A (Multi),"{'covariance_type': 'full', 'reg_covar': 1e-06, 'selection_metric': 'aic', 'tune_components': False, 'n_components': 3}"
Full-Dataset_SupervisedGMM_AttackOnly_1%_Tune-3_aic,0.9923451487380127,0.9698731509847729,0.9627277789237367,0.9654734854076005,N/A (Multi),"{'covariance_type': 'full', 'reg_covar': 0.001, 'selection_metric': 'aic', 'tune_components': True, 'n_components': 3}"
Full-Dataset_SupervisedGMM_AttackOnly_1%_Tune-1_accuracy,0.9929192625826617,0.9744058462727825,0.9661227125684171,0.9695967642836641,N/A (Multi),"{'covariance_type': 'full', 'reg_covar': 0.001, 'selection_metric': 'accuracy', 'tune_components': True, 'n_components': 1}"
Full-Dataset_SupervisedGMM_AttackOnly_1%_Tune-1_f1_score,0.9929192625826617,0.9744058462727825,0.9661227125684171,0.9695967642836641,N/A (Multi),"{'covariance_type': 'full', 'reg_covar': 0.001, 'selection_metric': 'f1_score', 'tune_components': True, 'n_components': 1}"
Full-Dataset_SupervisedGMM_AttackOnly_1%_Fixed-3_aic,0.9923451487380127,0.9698731509847729,0.9627277789237367,0.9654734854076005,N/A (Multi),"{'covariance_type': 'full', 'reg_covar': 0.001, 'selection_metric': 'aic', 'tune_components': False, 'n_components': 3}"
Full-Dataset_SupervisedGMM_AttackOnly_1%_Tune-1_aic,0.98794360926237,0.9862062057888131,0.9220171286231507,0.9516976254681134,N/A (Multi),"{'covariance_type': 'tied', 'reg_covar': 1e-09, 'selection_metric': 'aic', 'tune_components': True, 'n_components': 1}"
Full-Dataset_SupervisedGMM_AttackOnly_1%_Tune-1_accuracy,0.98794360926237,0.9862062057888131,0.9220171286231507,0.9516976254681134,N/A (Multi),"{'covariance_type': 'tied', 'reg_covar': 1e-09, 'selection_metric': 'accuracy', 'tune_components': True, 'n_components': 1}"
Full-Dataset_SupervisedGMM_AttackOnly_1%_Tune-1_f1_score,0.98794360926237,0.9862062057888131,0.9220171286231507,0.9516976254681134,N/A (Multi),"{'covariance_type': 'tied', 'reg_covar': 1e-09, 'selection_metric': 'f1_score', 'tune_components': True, 'n_components': 1}"
Full-Dataset_SupervisedGMM_AttackOnly_1%_Fixed-3_aic,0.9872631780390823,0.9863218783245088,0.9168659983648348,0.9486420846615596,N/A (Multi),"{'covariance_type': 'tied', 'reg_covar': 1e-09, 'selection_metric': 'aic', 'tune_components': False, 'n_components': 3}"
Full-Dataset_SupervisedGMM_AttackOnly_1%_Tune-1_aic,0.9918560887962746,0.9860646171715977,0.9465653715691843,0.9649610499591468,N/A (Multi),"{'covariance_type': 'tied', 'reg_covar': 1e-06, 'selection_metric': 'aic', 'tune_components': True, 'n_components': 1}"
Full-Dataset_SupervisedGMM_AttackOnly_1%_Tune-1_accuracy,0.9918560887962746,0.9860646171715977,0.9465653715691843,0.9649610499591468,N/A (Multi),"{'covariance_type': 'tied', 'reg_covar': 1e-06, 'selection_metric': 'accuracy', 'tune_components': True, 'n_components': 1}"
Full-Dataset_SupervisedGMM_AttackOnly_1%_Tune-1_f1_score,0.9918560887962746,0.9860646171715977,0.9465653715691843,0.9649610499591468,N/A (Multi),"{'covariance_type': 'tied', 'reg_covar': 1e-06, 'selection_metric': 'f1_score', 'tune_components': True, 'n_components': 1}"
Full-Dataset_SupervisedGMM_AttackOnly_1%_Fixed-3_aic,0.9910268132428927,0.9859489218906257,0.9397806996505009,0.9608962679042049,N/A (Multi),"{'covariance_type': 'tied', 'reg_covar': 1e-06, 'selection_metric': 'aic', 'tune_components': False, 'n_components': 3}"
Full-Dataset_SupervisedGMM_AttackOnly_1%_Tune-1_aic,0.9929192625826617,0.9744058462727825,0.9661227125684171,0.9695967642836641,N/A (Multi),"{'covariance_type': 'tied', 'reg_covar': 0.001, 'selection_metric': 'aic', 'tune_components': True, 'n_components': 1}"
Full-Dataset_SupervisedGMM_AttackOnly_1%_Tune-1_accuracy,0.9929192625826617,0.9744058462727825,0.9661227125684171,0.9695967642836641,N/A (Multi),"{'covariance_type': 'tied', 'reg_covar': 0.001, 'selection_metric': 'accuracy', 'tune_components': True, 'n_components': 1}"
Full-Dataset_SupervisedGMM_AttackOnly_1%_Tune-1_f1_score,0.9929192625826617,0.9744058462727825,0.9661227125684171,0.9695967642836641,N/A (Multi),"{'covariance_type': 'tied', 'reg_covar': 0.001, 'selection_metric': 'f1_score', 'tune_components': True, 'n_components': 1}"
Full-Dataset_SupervisedGMM_AttackOnly_1%_Fixed-3_aic,0.992238831359374,0.9752089613514419,0.9605862151015888,0.967009400239638,N/A (Multi),"{'covariance_type': 'tied', 'reg_covar': 0.001, 'selection_metric': 'aic', 'tune_components': False, 'n_components': 3}"
Full-Dataset_SupervisedGMM_AttackOnly_1%_Tune-1_aic,0.9614918454570585,0.8617350393613287,0.9588663111215602,0.8921962714490407,N/A (Multi),"{'covariance_type': 'diag', 'reg_covar': 1e-09, 'selection_metric': 'aic', 'tune_components': True, 'n_components': 1}"
Full-Dataset_SupervisedGMM_AttackOnly_1%_Tune-2_accuracy,0.9795445363499118,0.8883270778162472,0.9075183737358526,0.8913430380588081,N/A (Multi),"{'covariance_type': 'diag', 'reg_covar': 1e-09, 'selection_metric': 'accuracy', 'tune_components': True, 'n_components': 2}"
Full-Dataset_SupervisedGMM_AttackOnly_1%_Tune-2_f1_score,0.9795445363499118,0.8883270778162472,0.9075183737358526,0.8913430380588081,N/A (Multi),"{'covariance_type': 'diag', 'reg_covar': 1e-09, 'selection_metric': 'f1_score', 'tune_components': True, 'n_components': 2}"
Full-Dataset_SupervisedGMM_AttackOnly_1%_Fixed-3_aic,0.9586425397095409,0.8512090593657219,0.9390381615923049,0.8791432374685423,N/A (Multi),"{'covariance_type': 'diag', 'reg_covar': 1e-09, 'selection_metric': 'aic', 'tune_components': False, 'n_components': 3}"
Full-Dataset_SupervisedGMM_AttackOnly_1%_Tune-1_aic,0.9611303663696867,0.8572042862820485,0.9527417716847331,0.887775037021564,N/A (Multi),"{'covariance_type': 'diag', 'reg_covar': 1e-06, 'selection_metric': 'aic', 'tune_components': True, 'n_components': 1}"
Full-Dataset_SupervisedGMM_AttackOnly_1%_Tune-2_accuracy,0.9817984647770525,0.8915773196236491,0.9109831924028198,0.8942591450898053,N/A (Multi),"{'covariance_type': 'diag', 'reg_covar': 1e-06, 'selection_metric': 'accuracy', 'tune_components': True, 'n_components': 2}"
Full-Dataset_SupervisedGMM_AttackOnly_1%_Tune-2_f1_score,0.9817984647770525,0.8915773196236491,0.9109831924028198,0.8942591450898053,N/A (Multi),"{'covariance_type': 'diag', 'reg_covar': 1e-06, 'selection_metric': 'f1_score', 'tune_components': True, 'n_components': 2}"
Full-Dataset_SupervisedGMM_AttackOnly_1%_Fixed-3_aic,0.9594505517871952,0.8517455084147384,0.9361598724160068,0.8785601059787997,N/A (Multi),"{'covariance_type': 'diag', 'reg_covar': 1e-06, 'selection_metric': 'aic', 'tune_components': False, 'n_components': 3}"
Full-Dataset_SupervisedGMM_AttackOnly_1%_Tune-3_aic,0.9527525569329562,0.8255644353860933,0.939602424666269,0.863695617915742,N/A (Multi),"{'covariance_type': 'diag', 'reg_covar': 0.001, 'selection_metric': 'aic', 'tune_components': True, 'n_components': 3}"
Full-Dataset_SupervisedGMM_AttackOnly_1%_Tune-2_accuracy,0.9715069425248251,0.8597031515923651,0.906666954282246,0.8699064623170698,N/A (Multi),"{'covariance_type': 'diag', 'reg_covar': 0.001, 'selection_metric': 'accuracy', 'tune_components': True, 'n_components': 2}"
Full-Dataset_SupervisedGMM_AttackOnly_1%_Tune-2_f1_score,0.9715069425248251,0.8597031515923651,0.906666954282246,0.8699064623170698,N/A (Multi),"{'covariance_type': 'diag', 'reg_covar': 0.001, 'selection_metric': 'f1_score', 'tune_components': True, 'n_components': 2}"
Full-Dataset_SupervisedGMM_AttackOnly_1%_Fixed-3_aic,0.9527525569329562,0.8255644353860933,0.939602424666269,0.863695617915742,N/A (Multi),"{'covariance_type': 'diag', 'reg_covar': 0.001, 'selection_metric': 'aic', 'tune_components': False, 'n_components': 3}"
Full-Dataset_SupervisedGMM_AttackOnly_2%_Tune-1_aic,0.9941100172234153,0.9863987376131799,0.9606662812151502,0.9728672817860723,N/A (Multi),"{'covariance_type': 'full', 'reg_covar': 1e-09, 'selection_metric': 'aic', 'tune_components': True, 'n_components': 1}"
Full-Dataset_SupervisedGMM_AttackOnly_2%_Tune-3_accuracy,0.9943439154564205,0.9844946521635736,0.9634306151870273,0.9733865237274445,N/A (Multi),"{'covariance_type': 'full', 'reg_covar': 1e-09, 'selection_metric': 'accuracy', 'tune_components': True, 'n_components': 3}"
Full-Dataset_SupervisedGMM_AttackOnly_2%_Tune-3_f1_score,0.9943439154564205,0.9844946521635736,0.9634306151870273,0.9733865237274445,N/A (Multi),"{'covariance_type': 'full', 'reg_covar': 1e-09, 'selection_metric': 'f1_score', 'tune_components': True, 'n_components': 3}"
Full-Dataset_SupervisedGMM_AttackOnly_2%_Fixed-3_aic,0.9943439154564205,0.9844946521635736,0.9634306151870273,0.9733865237274445,N/A (Multi),"{'covariance_type': 'full', 'reg_covar': 1e-09, 'selection_metric': 'aic', 'tune_components': False, 'n_components': 3}"
Full-Dataset_SupervisedGMM_AttackOnly_2%_Tune-2_aic,0.9944927597865147,0.9819560507689093,0.9627627897265931,0.9719108423370426,N/A (Multi),"{'covariance_type': 'full', 'reg_covar': 1e-06, 'selection_metric': 'aic', 'tune_components': True, 'n_components': 2}"
Full-Dataset_SupervisedGMM_AttackOnly_2%_Tune-3_accuracy,0.9946416041166088,0.9833570568808585,0.9654034113345347,0.9739003592878198,N/A (Multi),"{'covariance_type': 'full', 'reg_covar': 1e-06, 'selection_metric': 'accuracy', 'tune_components': True, 'n_components': 3}"
Full-Dataset_SupervisedGMM_AttackOnly_2%_Tune-1_f1_score,0.9942801250292372,0.9847319050938617,0.9647217655612804,0.9743076406575831,N/A (Multi),"{'covariance_type': 'full', 'reg_covar': 1e-06, 'selection_metric': 'f1_score', 'tune_components': True, 'n_components': 1}"
Full-Dataset_SupervisedGMM_AttackOnly_2%_Fixed-3_aic,0.9946416041166088,0.9833570568808585,0.9654034113345347,0.9739003592878198,N/A (Multi),"{'covariance_type': 'full', 'reg_covar': 1e-06, 'selection_metric': 'aic', 'tune_components': False, 'n_components': 3}"
Full-Dataset_SupervisedGMM_AttackOnly_2%_Tune-2_aic,0.9939186459418656,0.9738179933383102,0.9719392976424134,0.9724226494608863,N/A (Multi),"{'covariance_type': 'full', 'reg_covar': 0.001, 'selection_metric': 'aic', 'tune_components': True, 'n_components': 2}"
Full-Dataset_SupervisedGMM_AttackOnly_2%_Tune-1_accuracy,0.9937485381360437,0.9743705936370765,0.9725337040295301,0.9731277158997624,N/A (Multi),"{'covariance_type': 'full', 'reg_covar': 0.001, 'selection_metric': 'accuracy', 'tune_components': True, 'n_components': 1}"
Full-Dataset_SupervisedGMM_AttackOnly_2%_Tune-1_f1_score,0.9937485381360437,0.9743705936370765,0.9725337040295301,0.9731277158997624,N/A (Multi),"{'covariance_type': 'full', 'reg_covar': 0.001, 'selection_metric': 'f1_score', 'tune_components': True, 'n_components': 1}"
Full-Dataset_SupervisedGMM_AttackOnly_2%_Fixed-3_aic,0.9929405260583894,0.9690277814086384,0.9642036125422174,0.9661240347291645,N/A (Multi),"{'covariance_type': 'full', 'reg_covar': 0.001, 'selection_metric': 'aic', 'tune_components': False, 'n_components': 3}"
Full-Dataset_SupervisedGMM_AttackOnly_2%_Tune-1_aic,0.9941100172234153,0.9863987376131799,0.9606662812151502,0.9728672817860723,N/A (Multi),"{'covariance_type': 'tied', 'reg_covar': 1e-09, 'selection_metric': 'aic', 'tune_components': True, 'n_components': 1}"
Full-Dataset_SupervisedGMM_AttackOnly_2%_Tune-1_accuracy,0.9941100172234153,0.9863987376131799,0.9606662812151502,0.9728672817860723,N/A (Multi),"{'covariance_type': 'tied', 'reg_covar': 1e-09, 'selection_metric': 'accuracy', 'tune_components': True, 'n_components': 1}"
Full-Dataset_SupervisedGMM_AttackOnly_2%_Tune-1_f1_score,0.9941100172234153,0.9863987376131799,0.9606662812151502,0.9728672817860723,N/A (Multi),"{'covariance_type': 'tied', 'reg_covar': 1e-09, 'selection_metric': 'f1_score', 'tune_components': True, 'n_components': 1}"
Full-Dataset_SupervisedGMM_AttackOnly_2%_Fixed-3_aic,0.9935784303302218,0.9884120178598251,0.9562528204789027,0.9712964251005881,N/A (Multi),"{'covariance_type': 'tied', 'reg_covar': 1e-09, 'selection_metric': 'aic', 'tune_components': False, 'n_components': 3}"
Full-Dataset_SupervisedGMM_AttackOnly_2%_Tune-1_aic,0.9942801250292372,0.9847319050938617,0.9647217655612804,0.9743076406575831,N/A (Multi),"{'covariance_type': 'tied', 'reg_covar': 1e-06, 'selection_metric': 'aic', 'tune_components': True, 'n_components': 1}"
Full-Dataset_SupervisedGMM_AttackOnly_2%_Tune-1_accuracy,0.9942801250292372,0.9847319050938617,0.9647217655612804,0.9743076406575831,N/A (Multi),"{'covariance_type': 'tied', 'reg_covar': 1e-06, 'selection_metric': 'accuracy', 'tune_components': True, 'n_components': 1}"
Full-Dataset_SupervisedGMM_AttackOnly_2%_Tune-1_f1_score,0.9942801250292372,0.9847319050938617,0.9647217655612804,0.9743076406575831,N/A (Multi),"{'covariance_type': 'tied', 'reg_covar': 1e-06, 'selection_metric': 'f1_score', 'tune_components': True, 'n_components': 1}"
Full-Dataset_SupervisedGMM_AttackOnly_2%_Fixed-3_aic,0.9937485381360437,0.9867149073957832,0.9599928817090561,0.9726215903588017,N/A (Multi),"{'covariance_type': 'tied', 'reg_covar': 1e-06, 'selection_metric': 'aic', 'tune_components': False, 'n_components': 3}"
Full-Dataset_SupervisedGMM_AttackOnly_2%_Tune-1_aic,0.9937485381360437,0.9743705936370765,0.9725337040295301,0.9731277158997624,N/A (Multi),"{'covariance_type': 'tied', 'reg_covar': 0.001, 'selection_metric': 'aic', 'tune_components': True, 'n_components': 1}"
Full-Dataset_SupervisedGMM_AttackOnly_2%_Tune-2_accuracy,0.9937060111845882,0.9729440166997736,0.9721013466461975,0.9721586290781721,N/A (Multi),"{'covariance_type': 'tied', 'reg_covar': 0.001, 'selection_metric': 'accuracy', 'tune_components': True, 'n_components': 2}"
Full-Dataset_SupervisedGMM_AttackOnly_2%_Tune-1_f1_score,0.9937485381360437,0.9743705936370765,0.9725337040295301,0.9731277158997624,N/A (Multi),"{'covariance_type': 'tied', 'reg_covar': 0.001, 'selection_metric': 'f1_score', 'tune_components': True, 'n_components': 1}"
Full-Dataset_SupervisedGMM_AttackOnly_2%_Fixed-3_aic,0.9933232686214889,0.9748371481219024,0.9687453403793173,0.9714130477338648,N/A (Multi),"{'covariance_type': 'tied', 'reg_covar': 0.001, 'selection_metric': 'aic', 'tune_components': False, 'n_components': 3}"
Full-Dataset_SupervisedGMM_AttackOnly_2%_Tune-1_aic,0.9631929235152779,0.8770917914510191,0.9606146811231357,0.9033673605141402,N/A (Multi),"{'covariance_type': 'diag', 'reg_covar': 1e-09, 'selection_metric': 'aic', 'tune_components': True, 'n_components': 1}"
Full-Dataset_SupervisedGMM_AttackOnly_2%_Tune-3_accuracy,0.9926428373982011,0.9572803900041206,0.9651257899639639,0.9610000937715092,N/A (Multi),"{'covariance_type': 'diag', 'reg_covar': 1e-09, 'selection_metric': 'accuracy', 'tune_components': True, 'n_components': 3}"
Full-Dataset_SupervisedGMM_AttackOnly_2%_Tune-3_f1_score,0.9926428373982011,0.9572803900041206,0.9651257899639639,0.9610000937715092,N/A (Multi),"{'covariance_type': 'diag', 'reg_covar': 1e-09, 'selection_metric': 'f1_score', 'tune_components': True, 'n_components': 3}"
Full-Dataset_SupervisedGMM_AttackOnly_2%_Fixed-3_aic,0.9926428373982011,0.9572803900041206,0.9651257899639639,0.9610000937715092,N/A (Multi),"{'covariance_type': 'diag', 'reg_covar': 1e-09, 'selection_metric': 'aic', 'tune_components': False, 'n_components': 3}"
Full-Dataset_SupervisedGMM_AttackOnly_2%_Tune-1_aic,0.9621510132046184,0.8677557901376419,0.9474387363992246,0.890034573392627,N/A (Multi),"{'covariance_type': 'diag', 'reg_covar': 1e-06, 'selection_metric': 'aic', 'tune_components': True, 'n_components': 1}"
Full-Dataset_SupervisedGMM_AttackOnly_2%_Tune-3_accuracy,0.9929192625826617,0.9585638711736258,0.9658341373761611,0.9619645551713116,N/A (Multi),"{'covariance_type': 'diag', 'reg_covar': 1e-06, 'selection_metric': 'accuracy', 'tune_components': True, 'n_components': 3}"
Full-Dataset_SupervisedGMM_AttackOnly_2%_Tune-3_f1_score,0.9929192625826617,0.9585638711736258,0.9658341373761611,0.9619645551713116,N/A (Multi),"{'covariance_type': 'diag', 'reg_covar': 1e-06, 'selection_metric': 'f1_score', 'tune_components': True, 'n_components': 3}"
Full-Dataset_SupervisedGMM_AttackOnly_2%_Fixed-3_aic,0.9929192625826617,0.9585638711736258,0.9658341373761611,0.9619645551713116,N/A (Multi),"{'covariance_type': 'diag', 'reg_covar': 1e-06, 'selection_metric': 'aic', 'tune_components': False, 'n_components': 3}"
Full-Dataset_SupervisedGMM_AttackOnly_2%_Tune-3_aic,0.9775245061557762,0.9019953375891415,0.9628402750183755,0.925895547340128,N/A (Multi),"{'covariance_type': 'diag', 'reg_covar': 0.001, 'selection_metric': 'aic', 'tune_components': True, 'n_components': 3}"
Full-Dataset_SupervisedGMM_AttackOnly_2%_Tune-3_accuracy,0.9775245061557762,0.9019953375891415,0.9628402750183755,0.925895547340128,N/A (Multi),"{'covariance_type': 'diag', 'reg_covar': 0.001, 'selection_metric': 'accuracy', 'tune_components': True, 'n_components': 3}"
Full-Dataset_SupervisedGMM_AttackOnly_2%_Tune-3_f1_score,0.9775245061557762,0.9019953375891415,0.9628402750183755,0.925895547340128,N/A (Multi),"{'covariance_type': 'diag', 'reg_covar': 0.001, 'selection_metric': 'f1_score', 'tune_components': True, 'n_components': 3}"
Full-Dataset_SupervisedGMM_AttackOnly_2%_Fixed-3_aic,0.9775245061557762,0.9019953375891415,0.9628402750183755,0.925895547340128,N/A (Multi),"{'covariance_type': 'diag', 'reg_covar': 0.001, 'selection_metric': 'aic', 'tune_components': False, 'n_components': 3}"
Full-Dataset_SupervisedGMM_AttackOnly_4%_Tune-1_aic,0.9969805864466605,0.9930784794261611,0.9774578117428651,0.9849369572911516,N/A (Multi),"{'covariance_type': 'full', 'reg_covar': 1e-09, 'selection_metric': 'aic', 'tune_components': True, 'n_components': 1}"
Full-Dataset_SupervisedGMM_AttackOnly_4%_Tune-2_accuracy,0.9977035446214038,0.9892781274004876,0.9839869741271993,0.9865305873984741,N/A (Multi),"{'covariance_type': 'full', 'reg_covar': 1e-09, 'selection_metric': 'accuracy', 'tune_components': True, 'n_components': 2}"
Full-Dataset_SupervisedGMM_AttackOnly_4%_Tune-2_f1_score,0.9977035446214038,0.9892781274004876,0.9839869741271993,0.9865305873984741,N/A (Multi),"{'covariance_type': 'full', 'reg_covar': 1e-09, 'selection_metric': 'f1_score', 'tune_components': True, 'n_components': 2}"
Full-Dataset_SupervisedGMM_AttackOnly_4%_Fixed-3_aic,0.9969593229709328,0.9871109023381676,0.9802541527113003,0.9835213332207647,N/A (Multi),"{'covariance_type': 'full', 'reg_covar': 1e-09, 'selection_metric': 'aic', 'tune_components': False, 'n_components': 3}"
Full-Dataset_SupervisedGMM_AttackOnly_4%_Tune-1_aic,0.997278275106849,0.990733674484027,0.9826795125798857,0.986513126179991,N/A (Multi),"{'covariance_type': 'full', 'reg_covar': 1e-06, 'selection_metric': 'aic', 'tune_components': True, 'n_components': 1}"
Full-Dataset_SupervisedGMM_AttackOnly_4%_Tune-1_accuracy,0.997278275106849,0.990733674484027,0.9826795125798857,0.986513126179991,N/A (Multi),"{'covariance_type': 'full', 'reg_covar': 1e-06, 'selection_metric': 'accuracy', 'tune_components': True, 'n_components': 1}"
Full-Dataset_SupervisedGMM_AttackOnly_4%_Tune-1_f1_score,0.997278275106849,0.990733674484027,0.9826795125798857,0.986513126179991,N/A (Multi),"{'covariance_type': 'full', 'reg_covar': 1e-06, 'selection_metric': 'f1_score', 'tune_components': True, 'n_components': 1}"
Full-Dataset_SupervisedGMM_AttackOnly_4%_Fixed-3_aic,0.9971932212039379,0.9881726775223768,0.9811187190656613,0.9844949150188258,N/A (Multi),"{'covariance_type': 'full', 'reg_covar': 1e-06, 'selection_metric': 'aic', 'tune_components': False, 'n_components': 3}"
Full-Dataset_SupervisedGMM_AttackOnly_4%_Tune-3_aic,0.9962151013204619,0.979894738361481,0.9847271873913256,0.9820603412276535,N/A (Multi),"{'covariance_type': 'full', 'reg_covar': 0.001, 'selection_metric': 'aic', 'tune_components': True, 'n_components': 3}"
Full-Dataset_SupervisedGMM_AttackOnly_4%_Tune-3_accuracy,0.9962151013204619,0.979894738361481,0.9847271873913256,0.9820603412276535,N/A (Multi),"{'covariance_type': 'full', 'reg_covar': 0.001, 'selection_metric': 'accuracy', 'tune_components': True, 'n_components': 3}"
Full-Dataset_SupervisedGMM_AttackOnly_4%_Tune-3_f1_score,0.9962151013204619,0.979894738361481,0.9847271873913256,0.9820603412276535,N/A (Multi),"{'covariance_type': 'full', 'reg_covar': 0.001, 'selection_metric': 'f1_score', 'tune_components': True, 'n_components': 3}"
Full-Dataset_SupervisedGMM_AttackOnly_4%_Fixed-3_aic,0.9962151013204619,0.979894738361481,0.9847271873913256,0.9820603412276535,N/A (Multi),"{'covariance_type': 'full', 'reg_covar': 0.001, 'selection_metric': 'aic', 'tune_components': False, 'n_components': 3}"
Full-Dataset_SupervisedGMM_AttackOnly_4%_Tune-1_aic,0.9969805864466605,0.9930784794261611,0.9774578117428651,0.9849369572911516,N/A (Multi),"{'covariance_type': 'tied', 'reg_covar': 1e-09, 'selection_metric': 'aic', 'tune_components': True, 'n_components': 1}"
Full-Dataset_SupervisedGMM_AttackOnly_4%_Tune-1_accuracy,0.9969805864466605,0.9930784794261611,0.9774578117428651,0.9849369572911516,N/A (Multi),"{'covariance_type': 'tied', 'reg_covar': 1e-09, 'selection_metric': 'accuracy', 'tune_components': True, 'n_components': 1}"
Full-Dataset_SupervisedGMM_AttackOnly_4%_Tune-1_f1_score,0.9969805864466605,0.9930784794261611,0.9774578117428651,0.9849369572911516,N/A (Multi),"{'covariance_type': 'tied', 'reg_covar': 1e-09, 'selection_metric': 'f1_score', 'tune_components': True, 'n_components': 1}"
Full-Dataset_SupervisedGMM_AttackOnly_4%_Fixed-3_aic,0.9961087839418231,0.9894272233333677,0.9695007792153815,0.9787317744631733,N/A (Multi),"{'covariance_type': 'tied', 'reg_covar': 1e-09, 'selection_metric': 'aic', 'tune_components': False, 'n_components': 3}"
Full-Dataset_SupervisedGMM_AttackOnly_4%_Tune-1_aic,0.997278275106849,0.990733674484027,0.9826795125798857,0.986513126179991,N/A (Multi),"{'covariance_type': 'tied', 'reg_covar': 1e-06, 'selection_metric': 'aic', 'tune_components': True, 'n_components': 1}"
Full-Dataset_SupervisedGMM_AttackOnly_4%_Tune-2_accuracy,0.997278275106849,0.990732600511226,0.982510712932318,0.9864224263749609,N/A (Multi),"{'covariance_type': 'tied', 'reg_covar': 1e-06, 'selection_metric': 'accuracy', 'tune_components': True, 'n_components': 2}"
Full-Dataset_SupervisedGMM_AttackOnly_4%_Tune-2_f1_score,0.997278275106849,0.990732600511226,0.982510712932318,0.9864224263749609,N/A (Multi),"{'covariance_type': 'tied', 'reg_covar': 1e-06, 'selection_metric': 'f1_score', 'tune_components': True, 'n_components': 2}"
Full-Dataset_SupervisedGMM_AttackOnly_4%_Fixed-3_aic,0.9970443768738438,0.9904669212115335,0.979950145906422,0.9849938716052278,N/A (Multi),"{'covariance_type': 'tied', 'reg_covar': 1e-06, 'selection_metric': 'aic', 'tune_components': False, 'n_components': 3}"
Full-Dataset_SupervisedGMM_AttackOnly_4%_Tune-2_aic,0.9959174126602734,0.9793874935538813,0.9841057836294765,0.9814882077509198,N/A (Multi),"{'covariance_type': 'tied', 'reg_covar': 0.001, 'selection_metric': 'aic', 'tune_components': True, 'n_components': 2}"
Full-Dataset_SupervisedGMM_AttackOnly_4%_Tune-2_accuracy,0.9959174126602734,0.9793874935538813,0.9841057836294765,0.9814882077509198,N/A (Multi),"{'covariance_type': 'tied', 'reg_covar': 0.001, 'selection_metric': 'accuracy', 'tune_components': True, 'n_components': 2}"
Full-Dataset_SupervisedGMM_AttackOnly_4%_Tune-2_f1_score,0.9959174126602734,0.9793874935538813,0.9841057836294765,0.9814882077509198,N/A (Multi),"{'covariance_type': 'tied', 'reg_covar': 0.001, 'selection_metric': 'f1_score', 'tune_components': True, 'n_components': 2}"
Full-Dataset_SupervisedGMM_AttackOnly_4%_Fixed-3_aic,0.9957260413787238,0.9790883444646131,0.981999059734048,0.9802568817165453,N/A (Multi),"{'covariance_type': 'tied', 'reg_covar': 0.001, 'selection_metric': 'aic', 'tune_components': False, 'n_components': 3}"
Full-Dataset_SupervisedGMM_AttackOnly_4%_Tune-1_aic,0.9592804439813732,0.8547457067897257,0.9354599544917167,0.8767928428213406,N/A (Multi),"{'covariance_type': 'diag', 'reg_covar': 1e-09, 'selection_metric': 'aic', 'tune_components': True, 'n_components': 1}"
Full-Dataset_SupervisedGMM_AttackOnly_4%_Tune-3_accuracy,0.9937698016117714,0.9621043443806401,0.9754243934145329,0.9683607882336109,N/A (Multi),"{'covariance_type': 'diag', 'reg_covar': 1e-09, 'selection_metric': 'accuracy', 'tune_components': True, 'n_components': 3}"
Full-Dataset_SupervisedGMM_AttackOnly_4%_Tune-3_f1_score,0.9937698016117714,0.9621043443806401,0.9754243934145329,0.9683607882336109,N/A (Multi),"{'covariance_type': 'diag', 'reg_covar': 1e-09, 'selection_metric': 'f1_score', 'tune_components': True, 'n_components': 3}"
Full-Dataset_SupervisedGMM_AttackOnly_4%_Fixed-3_aic,0.9937698016117714,0.9621043443806401,0.9754243934145329,0.9683607882336109,N/A (Multi),"{'covariance_type': 'diag', 'reg_covar': 1e-09, 'selection_metric': 'aic', 'tune_components': False, 'n_components': 3}"
Full-Dataset_SupervisedGMM_AttackOnly_4%_Tune-1_aic,0.9617895341172468,0.8658828893114222,0.9473537155494296,0.8903090438473645,N/A (Multi),"{'covariance_type': 'diag', 'reg_covar': 1e-06, 'selection_metric': 'aic', 'tune_components': True, 'n_components': 1}"
Full-Dataset_SupervisedGMM_AttackOnly_4%_Tune-3_accuracy,0.9934933764273108,0.9598709900383252,0.9748290625560689,0.9670522613464607,N/A (Multi),"{'covariance_type': 'diag', 'reg_covar': 1e-06, 'selection_metric': 'accuracy', 'tune_components': True, 'n_components': 3}"
Full-Dataset_SupervisedGMM_AttackOnly_4%_Tune-3_f1_score,0.9934933764273108,0.9598709900383252,0.9748290625560689,0.9670522613464607,N/A (Multi),"{'covariance_type': 'diag', 'reg_covar': 1e-06, 'selection_metric': 'f1_score', 'tune_components': True, 'n_components': 3}"
Full-Dataset_SupervisedGMM_AttackOnly_4%_Fixed-3_aic,0.9934933764273108,0.9598709900383252,0.9748290625560689,0.9670522613464607,N/A (Multi),"{'covariance_type': 'diag', 'reg_covar': 1e-06, 'selection_metric': 'aic', 'tune_components': False, 'n_components': 3}"
Full-Dataset_SupervisedGMM_AttackOnly_4%_Tune-3_aic,0.9787577877479853,0.907797873113312,0.9658170437313361,0.930281641388869,N/A (Multi),"{'covariance_type': 'diag', 'reg_covar': 0.001, 'selection_metric': 'aic', 'tune_components': True, 'n_components': 3}"
Full-Dataset_SupervisedGMM_AttackOnly_4%_Tune-3_accuracy,0.9787577877479853,0.907797873113312,0.9658170437313361,0.930281641388869,N/A (Multi),"{'covariance_type': 'diag', 'reg_covar': 0.001, 'selection_metric': 'accuracy', 'tune_components': True, 'n_components': 3}"
Full-Dataset_SupervisedGMM_AttackOnly_4%_Tune-3_f1_score,0.9787577877479853,0.907797873113312,0.9658170437313361,0.930281641388869,N/A (Multi),"{'covariance_type': 'diag', 'reg_covar': 0.001, 'selection_metric': 'f1_score', 'tune_components': True, 'n_components': 3}"
Full-Dataset_SupervisedGMM_AttackOnly_4%_Fixed-3_aic,0.9787577877479853,0.907797873113312,0.9658170437313361,0.930281641388869,N/A (Multi),"{'covariance_type': 'diag', 'reg_covar': 0.001, 'selection_metric': 'aic', 'tune_components': False, 'n_components': 3}"
Full-Dataset_SupervisedGMM_AttackOnly_8%_Tune-1_aic,0.9971506942524825,0.9917729209757989,0.9852077590526966,0.9882938756012446,N/A (Multi),"{'covariance_type': 'full', 'reg_covar': 1e-09, 'selection_metric': 'aic', 'tune_components': True, 'n_components': 1}"
Full-Dataset_SupervisedGMM_AttackOnly_8%_Tune-1_accuracy,0.9971506942524825,0.9917729209757989,0.9852077590526966,0.9882938756012446,N/A (Multi),"{'covariance_type': 'full', 'reg_covar': 1e-09, 'selection_metric': 'accuracy', 'tune_components': True, 'n_components': 1}"
Full-Dataset_SupervisedGMM_AttackOnly_8%_Tune-1_f1_score,0.9971506942524825,0.9917729209757989,0.9852077590526966,0.9882938756012446,N/A (Multi),"{'covariance_type': 'full', 'reg_covar': 1e-09, 'selection_metric': 'f1_score', 'tune_components': True, 'n_components': 1}"
Full-Dataset_SupervisedGMM_AttackOnly_8%_Fixed-3_aic,0.9956622509515405,0.978281153013044,0.9821925696305205,0.9798749153629428,N/A (Multi),"{'covariance_type': 'full', 'reg_covar': 1e-09, 'selection_metric': 'aic', 'tune_components': False, 'n_components': 3}"
Full-Dataset_SupervisedGMM_AttackOnly_8%_Tune-1_aic,0.9973845924854877,0.9918222791274626,0.9864099247021935,0.9889553106608803,N/A (Multi),"{'covariance_type': 'full', 'reg_covar': 1e-06, 'selection_metric': 'aic', 'tune_components': True, 'n_components': 1}"
Full-Dataset_SupervisedGMM_AttackOnly_8%_Tune-1_accuracy,0.9973845924854877,0.9918222791274626,0.9864099247021935,0.9889553106608803,N/A (Multi),"{'covariance_type': 'full', 'reg_covar': 1e-06, 'selection_metric': 'accuracy', 'tune_components': True, 'n_components': 1}"
Full-Dataset_SupervisedGMM_AttackOnly_8%_Tune-1_f1_score,0.9973845924854877,0.9918222791274626,0.9864099247021935,0.9889553106608803,N/A (Multi),"{'covariance_type': 'full', 'reg_covar': 1e-06, 'selection_metric': 'f1_score', 'tune_components': True, 'n_components': 1}"
Full-Dataset_SupervisedGMM_AttackOnly_8%_Fixed-3_aic,0.9959599396117289,0.9791064071572365,0.9830541152892743,0.9806825496878636,N/A (Multi),"{'covariance_type': 'full', 'reg_covar': 1e-06, 'selection_metric': 'aic', 'tune_components': False, 'n_components': 3}"
Full-Dataset_SupervisedGMM_AttackOnly_8%_Tune-1_aic,0.9952582449127134,0.9759756809558536,0.986286360211082,0.9806875459913839,N/A (Multi),"{'covariance_type': 'full', 'reg_covar': 0.001, 'selection_metric': 'aic', 'tune_components': True, 'n_components': 1}"
Full-Dataset_SupervisedGMM_AttackOnly_8%_Tune-2_accuracy,0.9961087839418231,0.9793124364841246,0.986846887279087,0.9828327946648984,N/A (Multi),"{'covariance_type': 'full', 'reg_covar': 0.001, 'selection_metric': 'accuracy', 'tune_components': True, 'n_components': 2}"
Full-Dataset_SupervisedGMM_AttackOnly_8%_Tune-2_f1_score,0.9961087839418231,0.9793124364841246,0.986846887279087,0.9828327946648984,N/A (Multi),"{'covariance_type': 'full', 'reg_covar': 0.001, 'selection_metric': 'f1_score', 'tune_components': True, 'n_components': 2}"
Full-Dataset_SupervisedGMM_AttackOnly_8%_Fixed-3_aic,0.9957685683301792,0.9766948495913333,0.9828312930234651,0.9794096068360165,N/A (Multi),"{'covariance_type': 'full', 'reg_covar': 0.001, 'selection_metric': 'aic', 'tune_components': False, 'n_components': 3}"
Full-Dataset_SupervisedGMM_AttackOnly_8%_Tune-1_aic,0.9971506942524825,0.9917729209757989,0.9852077590526966,0.9882938756012446,N/A (Multi),"{'covariance_type': 'tied', 'reg_covar': 1e-09, 'selection_metric': 'aic', 'tune_components': True, 'n_components': 1}"
Full-Dataset_SupervisedGMM_AttackOnly_8%_Tune-1_accuracy,0.9971506942524825,0.9917729209757989,0.9852077590526966,0.9882938756012446,N/A (Multi),"{'covariance_type': 'tied', 'reg_covar': 1e-09, 'selection_metric': 'accuracy', 'tune_components': True, 'n_components': 1}"
Full-Dataset_SupervisedGMM_AttackOnly_8%_Tune-1_f1_score,0.9971506942524825,0.9917729209757989,0.9852077590526966,0.9882938756012446,N/A (Multi),"{'covariance_type': 'tied', 'reg_covar': 1e-09, 'selection_metric': 'f1_score', 'tune_components': True, 'n_components': 1}"
Full-Dataset_SupervisedGMM_AttackOnly_8%_Fixed-3_aic,0.9968955325437496,0.9903230455093928,0.9823980463690187,0.9861126017841096,N/A (Multi),"{'covariance_type': 'tied', 'reg_covar': 1e-09, 'selection_metric': 'aic', 'tune_components': False, 'n_components': 3}"
Full-Dataset_SupervisedGMM_AttackOnly_8%_Tune-1_aic,0.9973845924854877,0.9918222791274626,0.9864099247021935,0.9889553106608803,N/A (Multi),"{'covariance_type': 'tied', 'reg_covar': 1e-06, 'selection_metric': 'aic', 'tune_components': True, 'n_components': 1}"
Full-Dataset_SupervisedGMM_AttackOnly_8%_Tune-1_accuracy,0.9973845924854877,0.9918222791274626,0.9864099247021935,0.9889553106608803,N/A (Multi),"{'covariance_type': 'tied', 'reg_covar': 1e-06, 'selection_metric': 'accuracy', 'tune_components': True, 'n_components': 1}"
Full-Dataset_SupervisedGMM_AttackOnly_8%_Tune-1_f1_score,0.9973845924854877,0.9918222791274626,0.9864099247021935,0.9889553106608803,N/A (Multi),"{'covariance_type': 'tied', 'reg_covar': 1e-06, 'selection_metric': 'f1_score', 'tune_components': True, 'n_components': 1}"
Full-Dataset_SupervisedGMM_AttackOnly_8%_Fixed-3_aic,0.9973420655340322,0.9918077332103303,0.9857161906714236,0.9885921290547096,N/A (Multi),"{'covariance_type': 'tied', 'reg_covar': 1e-06, 'selection_metric': 'aic', 'tune_components': False, 'n_components': 3}"
Full-Dataset_SupervisedGMM_AttackOnly_8%_Tune-3_aic,0.9960024665631844,0.9797737025964911,0.9857948147962347,0.9825310726156191,N/A (Multi),"{'covariance_type': 'tied', 'reg_covar': 0.001, 'selection_metric': 'aic', 'tune_components': True, 'n_components': 3}"
Full-Dataset_SupervisedGMM_AttackOnly_8%_Tune-3_accuracy,0.9960024665631844,0.9797737025964911,0.9857948147962347,0.9825310726156191,N/A (Multi),"{'covariance_type': 'tied', 'reg_covar': 0.001, 'selection_metric': 'accuracy', 'tune_components': True, 'n_components': 3}"
Full-Dataset_SupervisedGMM_AttackOnly_8%_Tune-3_f1_score,0.9960024665631844,0.9797737025964911,0.9857948147962347,0.9825310726156191,N/A (Multi),"{'covariance_type': 'tied', 'reg_covar': 0.001, 'selection_metric': 'f1_score', 'tune_components': True, 'n_components': 3}"
Full-Dataset_SupervisedGMM_AttackOnly_8%_Fixed-3_aic,0.9960024665631844,0.9797737025964911,0.9857948147962347,0.9825310726156191,N/A (Multi),"{'covariance_type': 'tied', 'reg_covar': 0.001, 'selection_metric': 'aic', 'tune_components': False, 'n_components': 3}"
Full-Dataset_SupervisedGMM_AttackOnly_8%_Tune-1_aic,0.961109102893959,0.834753764815935,0.9535455756872433,0.867758206784761,N/A (Multi),"{'covariance_type': 'diag', 'reg_covar': 1e-09, 'selection_metric': 'aic', 'tune_components': True, 'n_components': 1}"
Full-Dataset_SupervisedGMM_AttackOnly_8%_Tune-3_accuracy,0.992897999106934,0.9559603746103079,0.9735725063723061,0.964189124628671,N/A (Multi),"{'covariance_type': 'diag', 'reg_covar': 1e-09, 'selection_metric': 'accuracy', 'tune_components': True, 'n_components': 3}"
Full-Dataset_SupervisedGMM_AttackOnly_8%_Tune-3_f1_score,0.992897999106934,0.9559603746103079,0.9735725063723061,0.964189124628671,N/A (Multi),"{'covariance_type': 'diag', 'reg_covar': 1e-09, 'selection_metric': 'f1_score', 'tune_components': True, 'n_components': 3}"
Full-Dataset_SupervisedGMM_AttackOnly_8%_Fixed-3_aic,0.992897999106934,0.9559603746103079,0.9735725063723061,0.964189124628671,N/A (Multi),"{'covariance_type': 'diag', 'reg_covar': 1e-09, 'selection_metric': 'aic', 'tune_components': False, 'n_components': 3}"
Full-Dataset_SupervisedGMM_AttackOnly_8%_Tune-1_aic,0.9615131089327862,0.8321388661701455,0.9522355929668099,0.8662147291993684,N/A (Multi),"{'covariance_type': 'diag', 'reg_covar': 1e-06, 'selection_metric': 'aic', 'tune_components': True, 'n_components': 1}"
Full-Dataset_SupervisedGMM_AttackOnly_8%_Tune-3_accuracy,0.9923451487380127,0.9539116580105814,0.9733752283948028,0.9631450133390028,N/A (Multi),"{'covariance_type': 'diag', 'reg_covar': 1e-06, 'selection_metric': 'accuracy', 'tune_components': True, 'n_components': 3}"
Full-Dataset_SupervisedGMM_AttackOnly_8%_Tune-3_f1_score,0.9923451487380127,0.9539116580105814,0.9733752283948028,0.9631450133390028,N/A (Multi),"{'covariance_type': 'diag', 'reg_covar': 1e-06, 'selection_metric': 'f1_score', 'tune_components': True, 'n_components': 3}"
Full-Dataset_SupervisedGMM_AttackOnly_8%_Fixed-3_aic,0.9923451487380127,0.9539116580105814,0.9733752283948028,0.9631450133390028,N/A (Multi),"{'covariance_type': 'diag', 'reg_covar': 1e-06, 'selection_metric': 'aic', 'tune_components': False, 'n_components': 3}"
Full-Dataset_SupervisedGMM_AttackOnly_8%_Tune-3_aic,0.9789916859809904,0.8957195592530893,0.9671988843675264,0.9259033904429196,N/A (Multi),"{'covariance_type': 'diag', 'reg_covar': 0.001, 'selection_metric': 'aic', 'tune_components': True, 'n_components': 3}"
Full-Dataset_SupervisedGMM_AttackOnly_8%_Tune-3_accuracy,0.9789916859809904,0.8957195592530893,0.9671988843675264,0.9259033904429196,N/A (Multi),"{'covariance_type': 'diag', 'reg_covar': 0.001, 'selection_metric': 'accuracy', 'tune_components': True, 'n_components': 3}"
Full-Dataset_SupervisedGMM_AttackOnly_8%_Tune-3_f1_score,0.9789916859809904,0.8957195592530893,0.9671988843675264,0.9259033904429196,N/A (Multi),"{'covariance_type': 'diag', 'reg_covar': 0.001, 'selection_metric': 'f1_score', 'tune_components': True, 'n_components': 3}"
Full-Dataset_SupervisedGMM_AttackOnly_8%_Fixed-3_aic,0.9789916859809904,0.8957195592530893,0.9671988843675264,0.9259033904429196,N/A (Multi),"{'covariance_type': 'diag', 'reg_covar': 0.001, 'selection_metric': 'aic', 'tune_components': False, 'n_components': 3}"
Full-Dataset_SupervisedGMM_AttackOnly_16%_Tune-1_aic,0.9982138680388696,0.9932958013093742,0.9908252188265426,0.9920055681681856,N/A (Multi),"{'covariance_type': 'full', 'reg_covar': 1e-09, 'selection_metric': 'aic', 'tune_components': True, 'n_components': 1}"
Full-Dataset_SupervisedGMM_AttackOnly_16%_Tune-2_accuracy,0.9981926045631418,0.9911168439860929,0.9888384119657639,0.989940440408358,N/A (Multi),"{'covariance_type': 'full', 'reg_covar': 1e-09, 'selection_metric': 'accuracy', 'tune_components': True, 'n_components': 2}"
Full-Dataset_SupervisedGMM_AttackOnly_16%_Tune-1_f1_score,0.9982138680388696,0.9932958013093742,0.9908252188265426,0.9920055681681856,N/A (Multi),"{'covariance_type': 'full', 'reg_covar': 1e-09, 'selection_metric': 'f1_score', 'tune_components': True, 'n_components': 1}"
Full-Dataset_SupervisedGMM_AttackOnly_16%_Fixed-3_aic,0.9969380594952051,0.9833312677945522,0.9883952286724557,0.9856796275382574,N/A (Multi),"{'covariance_type': 'full', 'reg_covar': 1e-09, 'selection_metric': 'aic', 'tune_components': False, 'n_components': 3}"
Full-Dataset_SupervisedGMM_AttackOnly_16%_Tune-1_aic,0.9983627123689638,0.9927407537896786,0.9933262259568161,0.9930067029439291,N/A (Multi),"{'covariance_type': 'full', 'reg_covar': 1e-06, 'selection_metric': 'aic', 'tune_components': True, 'n_components': 1}"
Full-Dataset_SupervisedGMM_AttackOnly_16%_Tune-1_accuracy,0.9983627123689638,0.9927407537896786,0.9933262259568161,0.9930067029439291,N/A (Multi),"{'covariance_type': 'full', 'reg_covar': 1e-06, 'selection_metric': 'accuracy', 'tune_components': True, 'n_components': 1}"
Full-Dataset_SupervisedGMM_AttackOnly_16%_Tune-1_f1_score,0.9983627123689638,0.9927407537896786,0.9933262259568161,0.9930067029439291,N/A (Multi),"{'covariance_type': 'full', 'reg_covar': 1e-06, 'selection_metric': 'f1_score', 'tune_components': True, 'n_components': 1}"
Full-Dataset_SupervisedGMM_AttackOnly_16%_Fixed-3_aic,0.9977885985243148,0.9879015582472928,0.9880431805011992,0.9878761845523222,N/A (Multi),"{'covariance_type': 'full', 'reg_covar': 1e-06, 'selection_metric': 'aic', 'tune_components': False, 'n_components': 3}"
Full-Dataset_SupervisedGMM_AttackOnly_16%_Tune-3_aic,0.9960024665631844,0.9769608025914717,0.9848575330017506,0.9805700372050001,N/A (Multi),"{'covariance_type': 'full', 'reg_covar': 0.001, 'selection_metric': 'aic', 'tune_components': True, 'n_components': 3}"
Full-Dataset_SupervisedGMM_AttackOnly_16%_Tune-2_accuracy,0.9963852091262838,0.9815599849155618,0.9905196909610147,0.9857666443981946,N/A (Multi),"{'covariance_type': 'full', 'reg_covar': 0.001, 'selection_metric': 'accuracy', 'tune_components': True, 'n_components': 2}"
Full-Dataset_SupervisedGMM_AttackOnly_16%_Tune-2_f1_score,0.9963852091262838,0.9815599849155618,0.9905196909610147,0.9857666443981946,N/A (Multi),"{'covariance_type': 'full', 'reg_covar': 0.001, 'selection_metric': 'f1_score', 'tune_components': True, 'n_components': 2}"
Full-Dataset_SupervisedGMM_AttackOnly_16%_Fixed-3_aic,0.9960024665631844,0.9769608025914717,0.9848575330017506,0.9805700372050001,N/A (Multi),"{'covariance_type': 'full', 'reg_covar': 0.001, 'selection_metric': 'aic', 'tune_components': False, 'n_components': 3}"
Full-Dataset_SupervisedGMM_AttackOnly_16%_Tune-1_aic,0.9982138680388696,0.9932958013093742,0.9908252188265426,0.9920055681681856,N/A (Multi),"{'covariance_type': 'tied', 'reg_covar': 1e-09, 'selection_metric': 'aic', 'tune_components': True, 'n_components': 1}"
Full-Dataset_SupervisedGMM_AttackOnly_16%_Tune-2_accuracy,0.9981075506602309,0.9925339943647415,0.9899377498879555,0.9911664986957743,N/A (Multi),"{'covariance_type': 'tied', 'reg_covar': 1e-09, 'selection_metric': 'accuracy', 'tune_components': True, 'n_components': 2}"
Full-Dataset_SupervisedGMM_AttackOnly_16%_Tune-2_f1_score,0.9981075506602309,0.9925339943647415,0.9899377498879555,0.9911664986957743,N/A (Multi),"{'covariance_type': 'tied', 'reg_covar': 1e-09, 'selection_metric': 'f1_score', 'tune_components': True, 'n_components': 2}"
Full-Dataset_SupervisedGMM_AttackOnly_16%_Fixed-3_aic,0.9981075506602309,0.9925339943647415,0.9899377498879555,0.9911664986957743,N/A (Multi),"{'covariance_type': 'tied', 'reg_covar': 1e-09, 'selection_metric': 'aic', 'tune_components': False, 'n_components': 3}"
Full-Dataset_SupervisedGMM_AttackOnly_16%_Tune-1_aic,0.9983627123689638,0.9927407537896786,0.9933262259568161,0.9930067029439291,N/A (Multi),"{'covariance_type': 'tied', 'reg_covar': 1e-06, 'selection_metric': 'aic', 'tune_components': True, 'n_components': 1}"
Full-Dataset_SupervisedGMM_AttackOnly_16%_Tune-2_accuracy,0.9983627123689638,0.9927407537896786,0.9933262259568161,0.9930067029439291,N/A (Multi),"{'covariance_type': 'tied', 'reg_covar': 1e-06, 'selection_metric': 'accuracy', 'tune_components': True, 'n_components': 2}"
Full-Dataset_SupervisedGMM_AttackOnly_16%_Tune-2_f1_score,0.9983627123689638,0.9927407537896786,0.9933262259568161,0.9930067029439291,N/A (Multi),"{'covariance_type': 'tied', 'reg_covar': 1e-06, 'selection_metric': 'f1_score', 'tune_components': True, 'n_components': 2}"
Full-Dataset_SupervisedGMM_AttackOnly_16%_Fixed-3_aic,0.9983627123689638,0.9927407537896786,0.9933262259568161,0.9930067029439291,N/A (Multi),"{'covariance_type': 'tied', 'reg_covar': 1e-06, 'selection_metric': 'aic', 'tune_components': False, 'n_components': 3}"
Full-Dataset_SupervisedGMM_AttackOnly_16%_Tune-3_aic,0.9964915265049225,0.9818411354479073,0.9898464147966394,0.9856054523003276,N/A (Multi),"{'covariance_type': 'tied', 'reg_covar': 0.001, 'selection_metric': 'aic', 'tune_components': True, 'n_components': 3}"
Full-Dataset_SupervisedGMM_AttackOnly_16%_Tune-3_accuracy,0.9964915265049225,0.9818411354479073,0.9898464147966394,0.9856054523003276,N/A (Multi),"{'covariance_type': 'tied', 'reg_covar': 0.001, 'selection_metric': 'accuracy', 'tune_components': True, 'n_components': 3}"
Full-Dataset_SupervisedGMM_AttackOnly_16%_Tune-3_f1_score,0.9964915265049225,0.9818411354479073,0.9898464147966394,0.9856054523003276,N/A (Multi),"{'covariance_type': 'tied', 'reg_covar': 0.001, 'selection_metric': 'f1_score', 'tune_components': True, 'n_components': 3}"
Full-Dataset_SupervisedGMM_AttackOnly_16%_Fixed-3_aic,0.9964915265049225,0.9818411354479073,0.9898464147966394,0.9856054523003276,N/A (Multi),"{'covariance_type': 'tied', 'reg_covar': 0.001, 'selection_metric': 'aic', 'tune_components': False, 'n_components': 3}"
Full-Dataset_SupervisedGMM_AttackOnly_16%_Tune-2_aic,0.9935359033787663,0.9574239732981068,0.9715411141917764,0.9642490768921855,N/A (Multi),"{'covariance_type': 'diag', 'reg_covar': 1e-09, 'selection_metric': 'aic', 'tune_components': True, 'n_components': 2}"
Full-Dataset_SupervisedGMM_AttackOnly_16%_Tune-2_accuracy,0.9935359033787663,0.9574239732981068,0.9715411141917764,0.9642490768921855,N/A (Multi),"{'covariance_type': 'diag', 'reg_covar': 1e-09, 'selection_metric': 'accuracy', 'tune_components': True, 'n_components': 2}"
Full-Dataset_SupervisedGMM_AttackOnly_16%_Tune-3_f1_score,0.9933870590486721,0.9599046582003057,0.9787640337446226,0.9687032371110603,N/A (Multi),"{'covariance_type': 'diag', 'reg_covar': 1e-09, 'selection_metric': 'f1_score', 'tune_components': True, 'n_components': 3}"
Full-Dataset_SupervisedGMM_AttackOnly_16%_Fixed-3_aic,0.9933870590486721,0.9599046582003057,0.9787640337446226,0.9687032371110603,N/A (Multi),"{'covariance_type': 'diag', 'reg_covar': 1e-09, 'selection_metric': 'aic', 'tune_components': False, 'n_components': 3}"
Full-Dataset_SupervisedGMM_AttackOnly_16%_Tune-3_aic,0.9891131004273959,0.9386424810960193,0.9702993420941394,0.9530885711677625,N/A (Multi),"{'covariance_type': 'diag', 'reg_covar': 1e-06, 'selection_metric': 'aic', 'tune_components': True, 'n_components': 3}"
Full-Dataset_SupervisedGMM_AttackOnly_16%_Tune-3_accuracy,0.9891131004273959,0.9386424810960193,0.9702993420941394,0.9530885711677625,N/A (Multi),"{'covariance_type': 'diag', 'reg_covar': 1e-06, 'selection_metric': 'accuracy', 'tune_components': True, 'n_components': 3}"
Full-Dataset_SupervisedGMM_AttackOnly_16%_Tune-3_f1_score,0.9891131004273959,0.9386424810960193,0.9702993420941394,0.9530885711677625,N/A (Multi),"{'covariance_type': 'diag', 'reg_covar': 1e-06, 'selection_metric': 'f1_score', 'tune_components': True, 'n_components': 3}"
Full-Dataset_SupervisedGMM_AttackOnly_16%_Fixed-3_aic,0.9891131004273959,0.9386424810960193,0.9702993420941394,0.9530885711677625,N/A (Multi),"{'covariance_type': 'diag', 'reg_covar': 1e-06, 'selection_metric': 'aic', 'tune_components': False, 'n_components': 3}"
Full-Dataset_SupervisedGMM_AttackOnly_16%_Tune-3_aic,0.9755470029130962,0.9005507144395192,0.9685378147379002,0.9262278377451914,N/A (Multi),"{'covariance_type': 'diag', 'reg_covar': 0.001, 'selection_metric': 'aic', 'tune_components': True, 'n_components': 3}"
Full-Dataset_SupervisedGMM_AttackOnly_16%_Tune-3_accuracy,0.9755470029130962,0.9005507144395192,0.9685378147379002,0.9262278377451914,N/A (Multi),"{'covariance_type': 'diag', 'reg_covar': 0.001, 'selection_metric': 'accuracy', 'tune_components': True, 'n_components': 3}"
Full-Dataset_SupervisedGMM_AttackOnly_16%_Tune-3_f1_score,0.9755470029130962,0.9005507144395192,0.9685378147379002,0.9262278377451914,N/A (Multi),"{'covariance_type': 'diag', 'reg_covar': 0.001, 'selection_metric': 'f1_score', 'tune_components': True, 'n_components': 3}"
Full-Dataset_SupervisedGMM_AttackOnly_16%_Fixed-3_aic,0.9755470029130962,0.9005507144395192,0.9685378147379002,0.9262278377451914,N/A (Multi),"{'covariance_type': 'diag', 'reg_covar': 0.001, 'selection_metric': 'aic', 'tune_components': False, 'n_components': 3}"
Full-Dataset_SupervisedGMM_AttackOnly_32%_Tune-2_aic,0.9991281974951626,0.9972417342068978,0.9934774694392159,0.9953514111782776,N/A (Multi),"{'covariance_type': 'full', 'reg_covar': 1e-09, 'selection_metric': 'aic', 'tune_components': True, 'n_components': 2}"
Full-Dataset_SupervisedGMM_AttackOnly_32%_Tune-2_accuracy,0.9991281974951626,0.9972417342068978,0.9934774694392159,0.9953514111782776,N/A (Multi),"{'covariance_type': 'full', 'reg_covar': 1e-09, 'selection_metric': 'accuracy', 'tune_components': True, 'n_components': 2}"
Full-Dataset_SupervisedGMM_AttackOnly_32%_Tune-2_f1_score,0.9991281974951626,0.9972417342068978,0.9934774694392159,0.9953514111782776,N/A (Multi),"{'covariance_type': 'full', 'reg_covar': 1e-09, 'selection_metric': 'f1_score', 'tune_components': True, 'n_components': 2}"
Full-Dataset_SupervisedGMM_AttackOnly_32%_Fixed-3_aic,0.9973208020583044,0.9869380886233411,0.9930742357845367,0.9897827206022427,N/A (Multi),"{'covariance_type': 'full', 'reg_covar': 1e-09, 'selection_metric': 'aic', 'tune_components': False, 'n_components': 3}"
Full-Dataset_SupervisedGMM_AttackOnly_32%_Tune-2_aic,0.9989580896893406,0.995205197542322,0.9925702843997467,0.9938819066936454,N/A (Multi),"{'covariance_type': 'full', 'reg_covar': 1e-06, 'selection_metric': 'aic', 'tune_components': True, 'n_components': 2}"
Full-Dataset_SupervisedGMM_AttackOnly_32%_Tune-2_accuracy,0.9989580896893406,0.995205197542322,0.9925702843997467,0.9938819066936454,N/A (Multi),"{'covariance_type': 'full', 'reg_covar': 1e-06, 'selection_metric': 'accuracy', 'tune_components': True, 'n_components': 2}"
Full-Dataset_SupervisedGMM_AttackOnly_32%_Tune-1_f1_score,0.9984052393204194,0.9919501336592177,0.9939598398199666,0.9929331415449804,N/A (Multi),"{'covariance_type': 'full', 'reg_covar': 1e-06, 'selection_metric': 'f1_score', 'tune_components': True, 'n_components': 1}"
Full-Dataset_SupervisedGMM_AttackOnly_32%_Fixed-3_aic,0.9973633290097599,0.9864183402737474,0.993188307051788,0.9896080396212449,N/A (Multi),"{'covariance_type': 'full', 'reg_covar': 1e-06, 'selection_metric': 'aic', 'tune_components': False, 'n_components': 3}"
Full-Dataset_SupervisedGMM_AttackOnly_32%_Tune-3_aic,0.9967041612622,0.9821292825269731,0.9915938591566921,0.9866279907208765,N/A (Multi),"{'covariance_type': 'full', 'reg_covar': 0.001, 'selection_metric': 'aic', 'tune_components': True, 'n_components': 3}"
Full-Dataset_SupervisedGMM_AttackOnly_32%_Tune-2_accuracy,0.9966828977864721,0.9819109986481479,0.9919040036875781,0.9866645980744692,N/A (Multi),"{'covariance_type': 'full', 'reg_covar': 0.001, 'selection_metric': 'accuracy', 'tune_components': True, 'n_components': 2}"
Full-Dataset_SupervisedGMM_AttackOnly_32%_Tune-3_f1_score,0.9967041612622,0.9821292825269731,0.9915938591566921,0.9866279907208765,N/A (Multi),"{'covariance_type': 'full', 'reg_covar': 0.001, 'selection_metric': 'f1_score', 'tune_components': True, 'n_components': 3}"
Full-Dataset_SupervisedGMM_AttackOnly_32%_Fixed-3_aic,0.9967041612622,0.9821292825269731,0.9915938591566921,0.9866279907208765,N/A (Multi),"{'covariance_type': 'full', 'reg_covar': 0.001, 'selection_metric': 'aic', 'tune_components': False, 'n_components': 3}"
Full-Dataset_SupervisedGMM_AttackOnly_32%_Tune-1_aic,0.9982776584660529,0.9915799918750258,0.9920753574177557,0.9918035835690141,N/A (Multi),"{'covariance_type': 'tied', 'reg_covar': 1e-09, 'selection_metric': 'aic', 'tune_components': True, 'n_components': 1}"
Full-Dataset_SupervisedGMM_AttackOnly_32%_Tune-3_accuracy,0.9986178740776968,0.9939099139239266,0.9944229191103032,0.9941431193181245,N/A (Multi),"{'covariance_type': 'tied', 'reg_covar': 1e-09, 'selection_metric': 'accuracy', 'tune_components': True, 'n_components': 3}"
Full-Dataset_SupervisedGMM_AttackOnly_32%_Tune-3_f1_score,0.9986178740776968,0.9939099139239266,0.9944229191103032,0.9941431193181245,N/A (Multi),"{'covariance_type': 'tied', 'reg_covar': 1e-09, 'selection_metric': 'f1_score', 'tune_components': True, 'n_components': 3}"
Full-Dataset_SupervisedGMM_AttackOnly_32%_Fixed-3_aic,0.9986178740776968,0.9939099139239266,0.9944229191103032,0.9941431193181245,N/A (Multi),"{'covariance_type': 'tied', 'reg_covar': 1e-09, 'selection_metric': 'aic', 'tune_components': False, 'n_components': 3}"
Full-Dataset_SupervisedGMM_AttackOnly_32%_Tune-1_aic,0.9984052393204194,0.9919501336592177,0.9939598398199666,0.9929331415449804,N/A (Multi),"{'covariance_type': 'tied', 'reg_covar': 1e-06, 'selection_metric': 'aic', 'tune_components': True, 'n_components': 1}"
Full-Dataset_SupervisedGMM_AttackOnly_32%_Tune-1_accuracy,0.9984052393204194,0.9919501336592177,0.9939598398199666,0.9929331415449804,N/A (Multi),"{'covariance_type': 'tied', 'reg_covar': 1e-06, 'selection_metric': 'accuracy', 'tune_components': True, 'n_components': 1}"
Full-Dataset_SupervisedGMM_AttackOnly_32%_Tune-2_f1_score,0.9984477662718748,0.9922837788111042,0.9942613415441919,0.993248873713234,N/A (Multi),"{'covariance_type': 'tied', 'reg_covar': 1e-06, 'selection_metric': 'f1_score', 'tune_components': True, 'n_components': 2}"
Full-Dataset_SupervisedGMM_AttackOnly_32%_Fixed-3_aic,0.9983839758446915,0.9923161254984896,0.9936004027314859,0.9929293867916563,N/A (Multi),"{'covariance_type': 'tied', 'reg_covar': 1e-06, 'selection_metric': 'aic', 'tune_components': False, 'n_components': 3}"
Full-Dataset_SupervisedGMM_AttackOnly_32%_Tune-2_aic,0.9966403708350167,0.9830152785829146,0.9911848978535046,0.9868648405336574,N/A (Multi),"{'covariance_type': 'tied', 'reg_covar': 0.001, 'selection_metric': 'aic', 'tune_components': True, 'n_components': 2}"
Full-Dataset_SupervisedGMM_AttackOnly_32%_Tune-2_accuracy,0.9966403708350167,0.9830152785829146,0.9911848978535046,0.9868648405336574,N/A (Multi),"{'covariance_type': 'tied', 'reg_covar': 0.001, 'selection_metric': 'accuracy', 'tune_components': True, 'n_components': 2}"
Full-Dataset_SupervisedGMM_AttackOnly_32%_Tune-2_f1_score,0.9966403708350167,0.9830152785829146,0.9911848978535046,0.9868648405336574,N/A (Multi),"{'covariance_type': 'tied', 'reg_covar': 0.001, 'selection_metric': 'f1_score', 'tune_components': True, 'n_components': 2}"
Full-Dataset_SupervisedGMM_AttackOnly_32%_Fixed-3_aic,0.9966403708350167,0.9831149672732201,0.9909294170245238,0.9867896775546291,N/A (Multi),"{'covariance_type': 'tied', 'reg_covar': 0.001, 'selection_metric': 'aic', 'tune_components': False, 'n_components': 3}"
Full-Dataset_SupervisedGMM_AttackOnly_32%_Tune-2_aic,0.9859873694954178,0.9266430138624652,0.9285229492571679,0.9145748269395568,N/A (Multi),"{'covariance_type': 'diag', 'reg_covar': 1e-09, 'selection_metric': 'aic', 'tune_components': True, 'n_components': 2}"
Full-Dataset_SupervisedGMM_AttackOnly_32%_Tune-3_accuracy,0.993812328563227,0.9625691234701809,0.9824661021774354,0.9717711336801901,N/A (Multi),"{'covariance_type': 'diag', 'reg_covar': 1e-09, 'selection_metric': 'accuracy', 'tune_components': True, 'n_components': 3}"
Full-Dataset_SupervisedGMM_AttackOnly_32%_Tune-3_f1_score,0.993812328563227,0.9625691234701809,0.9824661021774354,0.9717711336801901,N/A (Multi),"{'covariance_type': 'diag', 'reg_covar': 1e-09, 'selection_metric': 'f1_score', 'tune_components': True, 'n_components': 3}"
Full-Dataset_SupervisedGMM_AttackOnly_32%_Fixed-3_aic,0.993812328563227,0.9625691234701809,0.9824661021774354,0.9717711336801901,N/A (Multi),"{'covariance_type': 'diag', 'reg_covar': 1e-09, 'selection_metric': 'aic', 'tune_components': False, 'n_components': 3}"
Full-Dataset_SupervisedGMM_AttackOnly_32%_Tune-3_aic,0.9907929150098875,0.9478960905567105,0.978326517880218,0.9617172796850976,N/A (Multi),"{'covariance_type': 'diag', 'reg_covar': 1e-06, 'selection_metric': 'aic', 'tune_components': True, 'n_components': 3}"
Full-Dataset_SupervisedGMM_AttackOnly_32%_Tune-3_accuracy,0.9907929150098875,0.9478960905567105,0.978326517880218,0.9617172796850976,N/A (Multi),"{'covariance_type': 'diag', 'reg_covar': 1e-06, 'selection_metric': 'accuracy', 'tune_components': True, 'n_components': 3}"
Full-Dataset_SupervisedGMM_AttackOnly_32%_Tune-3_f1_score,0.9907929150098875,0.9478960905567105,0.978326517880218,0.9617172796850976,N/A (Multi),"{'covariance_type': 'diag', 'reg_covar': 1e-06, 'selection_metric': 'f1_score', 'tune_components': True, 'n_components': 3}"
Full-Dataset_SupervisedGMM_AttackOnly_32%_Fixed-3_aic,0.9907929150098875,0.9478960905567105,0.978326517880218,0.9617172796850976,N/A (Multi),"{'covariance_type': 'diag', 'reg_covar': 1e-06, 'selection_metric': 'aic', 'tune_components': False, 'n_components': 3}"
Full-Dataset_SupervisedGMM_AttackOnly_32%_Tune-3_aic,0.9746752004082587,0.895436866177394,0.9680192593066311,0.9227300059220706,N/A (Multi),"{'covariance_type': 'diag', 'reg_covar': 0.001, 'selection_metric': 'aic', 'tune_components': True, 'n_components': 3}"
Full-Dataset_SupervisedGMM_AttackOnly_32%_Tune-3_accuracy,0.9746752004082587,0.895436866177394,0.9680192593066311,0.9227300059220706,N/A (Multi),"{'covariance_type': 'diag', 'reg_covar': 0.001, 'selection_metric': 'accuracy', 'tune_components': True, 'n_components': 3}"
Full-Dataset_SupervisedGMM_AttackOnly_32%_Tune-3_f1_score,0.9746752004082587,0.895436866177394,0.9680192593066311,0.9227300059220706,N/A (Multi),"{'covariance_type': 'diag', 'reg_covar': 0.001, 'selection_metric': 'f1_score', 'tune_components': True, 'n_components': 3}"
Full-Dataset_SupervisedGMM_AttackOnly_32%_Fixed-3_aic,0.9746752004082587,0.895436866177394,0.9680192593066311,0.9227300059220706,N/A (Multi),"{'covariance_type': 'diag', 'reg_covar': 0.001, 'selection_metric': 'aic', 'tune_components': False, 'n_components': 3}"
Full-Dataset_SupervisedGMM_AttackOnly_64%_Tune-2_aic,0.9989368262136129,0.9945387194537593,0.9917379645966081,0.9931127186230911,N/A (Multi),"{'covariance_type': 'full', 'reg_covar': 1e-09, 'selection_metric': 'aic', 'tune_components': True, 'n_components': 2}"
Full-Dataset_SupervisedGMM_AttackOnly_64%_Tune-2_accuracy,0.9989368262136129,0.9945387194537593,0.9917379645966081,0.9931127186230911,N/A (Multi),"{'covariance_type': 'full', 'reg_covar': 1e-09, 'selection_metric': 'accuracy', 'tune_components': True, 'n_components': 2}"
Full-Dataset_SupervisedGMM_AttackOnly_64%_Tune-2_f1_score,0.9989368262136129,0.9945387194537593,0.9917379645966081,0.9931127186230911,N/A (Multi),"{'covariance_type': 'full', 'reg_covar': 1e-09, 'selection_metric': 'f1_score', 'tune_components': True, 'n_components': 2}"
Full-Dataset_SupervisedGMM_AttackOnly_64%_Fixed-3_aic,0.9988305088349742,0.9941225250521845,0.9911898027306861,0.9926166058623442,N/A (Multi),"{'covariance_type': 'full', 'reg_covar': 1e-09, 'selection_metric': 'aic', 'tune_components': False, 'n_components': 3}"
Full-Dataset_SupervisedGMM_AttackOnly_64%_Tune-3_aic,0.9984477662718748,0.9913674746385038,0.9885303207837524,0.9898603851527376,N/A (Multi),"{'covariance_type': 'full', 'reg_covar': 1e-06, 'selection_metric': 'aic', 'tune_components': True, 'n_components': 3}"
Full-Dataset_SupervisedGMM_AttackOnly_64%_Tune-2_accuracy,0.9991281974951626,0.9954325341639341,0.9943567454591191,0.9948929096603866,N/A (Multi),"{'covariance_type': 'full', 'reg_covar': 1e-06, 'selection_metric': 'accuracy', 'tune_components': True, 'n_components': 2}"
Full-Dataset_SupervisedGMM_AttackOnly_64%_Tune-2_f1_score,0.9991281974951626,0.9954325341639341,0.9943567454591191,0.9948929096603866,N/A (Multi),"{'covariance_type': 'full', 'reg_covar': 1e-06, 'selection_metric': 'f1_score', 'tune_components': True, 'n_components': 2}"
Full-Dataset_SupervisedGMM_AttackOnly_64%_Fixed-3_aic,0.9984477662718748,0.9913674746385038,0.9885303207837524,0.9898603851527376,N/A (Multi),"{'covariance_type': 'full', 'reg_covar': 1e-06, 'selection_metric': 'aic', 'tune_components': False, 'n_components': 3}"
Full-Dataset_SupervisedGMM_AttackOnly_64%_Tune-3_aic,0.9966828977864721,0.9826733364942792,0.9918382556983456,0.9870080816713726,N/A (Multi),"{'covariance_type': 'full', 'reg_covar': 0.001, 'selection_metric': 'aic', 'tune_components': True, 'n_components': 3}"
Full-Dataset_SupervisedGMM_AttackOnly_64%_Tune-3_accuracy,0.9966828977864721,0.9826733364942792,0.9918382556983456,0.9870080816713726,N/A (Multi),"{'covariance_type': 'full', 'reg_covar': 0.001, 'selection_metric': 'accuracy', 'tune_components': True, 'n_components': 3}"
Full-Dataset_SupervisedGMM_AttackOnly_64%_Tune-3_f1_score,0.9966828977864721,0.9826733364942792,0.9918382556983456,0.9870080816713726,N/A (Multi),"{'covariance_type': 'full', 'reg_covar': 0.001, 'selection_metric': 'f1_score', 'tune_components': True, 'n_components': 3}"
Full-Dataset_SupervisedGMM_AttackOnly_64%_Fixed-3_aic,0.9966828977864721,0.9826733364942792,0.9918382556983456,0.9870080816713726,N/A (Multi),"{'covariance_type': 'full', 'reg_covar': 0.001, 'selection_metric': 'aic', 'tune_components': False, 'n_components': 3}"
Full-Dataset_SupervisedGMM_AttackOnly_64%_Tune-1_aic,0.9981926045631418,0.9913277619529327,0.991423664842282,0.9912933465188454,N/A (Multi),"{'covariance_type': 'tied', 'reg_covar': 1e-09, 'selection_metric': 'aic', 'tune_components': True, 'n_components': 1}"
Full-Dataset_SupervisedGMM_AttackOnly_64%_Tune-2_accuracy,0.9984690297476025,0.9932960377229739,0.9937310840826087,0.9934638338975325,N/A (Multi),"{'covariance_type': 'tied', 'reg_covar': 1e-09, 'selection_metric': 'accuracy', 'tune_components': True, 'n_components': 2}"
Full-Dataset_SupervisedGMM_AttackOnly_64%_Tune-2_f1_score,0.9984690297476025,0.9932960377229739,0.9937310840826087,0.9934638338975325,N/A (Multi),"{'covariance_type': 'tied', 'reg_covar': 1e-09, 'selection_metric': 'f1_score', 'tune_components': True, 'n_components': 2}"
Full-Dataset_SupervisedGMM_AttackOnly_64%_Fixed-3_aic,0.9981713410874141,0.9913834999008145,0.9912700550112529,0.9912432517457127,N/A (Multi),"{'covariance_type': 'tied', 'reg_covar': 1e-09, 'selection_metric': 'aic', 'tune_components': False, 'n_components': 3}"
Full-Dataset_SupervisedGMM_AttackOnly_64%_Tune-3_aic,0.9982776584660529,0.9910739095453795,0.9926896104535405,0.9918486661913389,N/A (Multi),"{'covariance_type': 'tied', 'reg_covar': 1e-06, 'selection_metric': 'aic', 'tune_components': True, 'n_components': 3}"
Full-Dataset_SupervisedGMM_AttackOnly_64%_Tune-1_accuracy,0.9982989219417806,0.9912502273315221,0.9928432202845697,0.9920139484592491,N/A (Multi),"{'covariance_type': 'tied', 'reg_covar': 1e-06, 'selection_metric': 'accuracy', 'tune_components': True, 'n_components': 1}"
Full-Dataset_SupervisedGMM_AttackOnly_64%_Tune-1_f1_score,0.9982989219417806,0.9912502273315221,0.9928432202845697,0.9920139484592491,N/A (Multi),"{'covariance_type': 'tied', 'reg_covar': 1e-06, 'selection_metric': 'f1_score', 'tune_components': True, 'n_components': 1}"
Full-Dataset_SupervisedGMM_AttackOnly_64%_Fixed-3_aic,0.9982776584660529,0.9910739095453795,0.9926896104535405,0.9918486661913389,N/A (Multi),"{'covariance_type': 'tied', 'reg_covar': 1e-06, 'selection_metric': 'aic', 'tune_components': False, 'n_components': 3}"
Full-Dataset_SupervisedGMM_AttackOnly_64%_Tune-3_aic,0.996534053456378,0.9821286285029909,0.9904546148061959,0.9860546840425334,N/A (Multi),"{'covariance_type': 'tied', 'reg_covar': 0.001, 'selection_metric': 'aic', 'tune_components': True, 'n_components': 3}"
Full-Dataset_SupervisedGMM_AttackOnly_64%_Tune-3_accuracy,0.996534053456378,0.9821286285029909,0.9904546148061959,0.9860546840425334,N/A (Multi),"{'covariance_type': 'tied', 'reg_covar': 0.001, 'selection_metric': 'accuracy', 'tune_components': True, 'n_components': 3}"
Full-Dataset_SupervisedGMM_AttackOnly_64%_Tune-3_f1_score,0.996534053456378,0.9821286285029909,0.9904546148061959,0.9860546840425334,N/A (Multi),"{'covariance_type': 'tied', 'reg_covar': 0.001, 'selection_metric': 'f1_score', 'tune_components': True, 'n_components': 3}"
Full-Dataset_SupervisedGMM_AttackOnly_64%_Fixed-3_aic,0.996534053456378,0.9821286285029909,0.9904546148061959,0.9860546840425334,N/A (Multi),"{'covariance_type': 'tied', 'reg_covar': 0.001, 'selection_metric': 'aic', 'tune_components': False, 'n_components': 3}"
Full-Dataset_SupervisedGMM_AttackOnly_64%_Tune-2_aic,0.9931318973399392,0.9567497651463529,0.9704379982749437,0.9634995746603234,N/A (Multi),"{'covariance_type': 'diag', 'reg_covar': 1e-09, 'selection_metric': 'aic', 'tune_components': True, 'n_components': 2}"
Full-Dataset_SupervisedGMM_AttackOnly_64%_Tune-3_accuracy,0.9935996938059495,0.960261719807721,0.9761358346689623,0.966329333421201,N/A (Multi),"{'covariance_type': 'diag', 'reg_covar': 1e-09, 'selection_metric': 'accuracy', 'tune_components': True, 'n_components': 3}"
Full-Dataset_SupervisedGMM_AttackOnly_64%_Tune-3_f1_score,0.9935996938059495,0.960261719807721,0.9761358346689623,0.966329333421201,N/A (Multi),"{'covariance_type': 'diag', 'reg_covar': 1e-09, 'selection_metric': 'f1_score', 'tune_components': True, 'n_components': 3}"
Full-Dataset_SupervisedGMM_AttackOnly_64%_Fixed-3_aic,0.9935996938059495,0.960261719807721,0.9761358346689623,0.966329333421201,N/A (Multi),"{'covariance_type': 'diag', 'reg_covar': 1e-09, 'selection_metric': 'aic', 'tune_components': False, 'n_components': 3}"
Full-Dataset_SupervisedGMM_AttackOnly_64%_Tune-3_aic,0.9919411426991857,0.9502428690067997,0.9726854410478185,0.9600886343002667,N/A (Multi),"{'covariance_type': 'diag', 'reg_covar': 1e-06, 'selection_metric': 'aic', 'tune_components': True, 'n_components': 3}"
Full-Dataset_SupervisedGMM_AttackOnly_64%_Tune-3_accuracy,0.9919411426991857,0.9502428690067997,0.9726854410478185,0.9600886343002667,N/A (Multi),"{'covariance_type': 'diag', 'reg_covar': 1e-06, 'selection_metric': 'accuracy', 'tune_components': True, 'n_components': 3}"
Full-Dataset_SupervisedGMM_AttackOnly_64%_Tune-3_f1_score,0.9919411426991857,0.9502428690067997,0.9726854410478185,0.9600886343002667,N/A (Multi),"{'covariance_type': 'diag', 'reg_covar': 1e-06, 'selection_metric': 'f1_score', 'tune_components': True, 'n_components': 3}"
Full-Dataset_SupervisedGMM_AttackOnly_64%_Fixed-3_aic,0.9919411426991857,0.9502428690067997,0.9726854410478185,0.9600886343002667,N/A (Multi),"{'covariance_type': 'diag', 'reg_covar': 1e-06, 'selection_metric': 'aic', 'tune_components': False, 'n_components': 3}"
Full-Dataset_SupervisedGMM_AttackOnly_64%_Tune-3_aic,0.9736120266218716,0.8857401519000444,0.9636201284014453,0.9156372133164693,N/A (Multi),"{'covariance_type': 'diag', 'reg_covar': 0.001, 'selection_metric': 'aic', 'tune_components': True, 'n_components': 3}"
Full-Dataset_SupervisedGMM_AttackOnly_64%_Tune-3_accuracy,0.9736120266218716,0.8857401519000444,0.9636201284014453,0.9156372133164693,N/A (Multi),"{'covariance_type': 'diag', 'reg_covar': 0.001, 'selection_metric': 'accuracy', 'tune_components': True, 'n_components': 3}"
Full-Dataset_SupervisedGMM_AttackOnly_64%_Tune-3_f1_score,0.9736120266218716,0.8857401519000444,0.9636201284014453,0.9156372133164693,N/A (Multi),"{'covariance_type': 'diag', 'reg_covar': 0.001, 'selection_metric': 'f1_score', 'tune_components': True, 'n_components': 3}"
Full-Dataset_SupervisedGMM_AttackOnly_64%_Fixed-3_aic,0.9736120266218716,0.8857401519000444,0.9636201284014453,0.9156372133164693,N/A (Multi),"{'covariance_type': 'diag', 'reg_covar': 0.001, 'selection_metric': 'aic', 'tune_components': False, 'n_components': 3}"
Full-Dataset_SupervisedGMM_AttackOnly_100%_Tune-1_aic,0.9981713410874141,0.9904348733909312,0.9915582744422621,0.9909508045509461,N/A (Multi),"{'covariance_type': 'full', 'reg_covar': 1e-09, 'selection_metric': 'aic', 'tune_components': True, 'n_components': 1}"
Full-Dataset_SupervisedGMM_AttackOnly_100%_Tune-2_accuracy,0.9989155627378852,0.9943572427327793,0.991644297052575,0.9929741237355681,N/A (Multi),"{'covariance_type': 'full', 'reg_covar': 1e-09, 'selection_metric': 'accuracy', 'tune_components': True, 'n_components': 2}"
Full-Dataset_SupervisedGMM_AttackOnly_100%_Tune-1_f1_score,0.9981713410874141,0.9904348733909312,0.9915582744422621,0.9909508045509461,N/A (Multi),"{'covariance_type': 'full', 'reg_covar': 1e-09, 'selection_metric': 'f1_score', 'tune_components': True, 'n_components': 1}"
Full-Dataset_SupervisedGMM_AttackOnly_100%_Fixed-3_aic,0.9984052393204194,0.9902911322676462,0.991800533452316,0.9909956518968732,N/A (Multi),"{'covariance_type': 'full', 'reg_covar': 1e-09, 'selection_metric': 'aic', 'tune_components': False, 'n_components': 3}"
Full-Dataset_SupervisedGMM_AttackOnly_100%_Tune-2_aic,0.9982351315145974,0.9907380902424966,0.9878356975221219,0.9892170062367382,N/A (Multi),"{'covariance_type': 'full', 'reg_covar': 1e-06, 'selection_metric': 'aic', 'tune_components': True, 'n_components': 2}"
Full-Dataset_SupervisedGMM_AttackOnly_100%_Tune-1_accuracy,0.9983414488932361,0.9913234661985242,0.9933908914642607,0.9923206850554172,N/A (Multi),"{'covariance_type': 'full', 'reg_covar': 1e-06, 'selection_metric': 'accuracy', 'tune_components': True, 'n_components': 1}"
Full-Dataset_SupervisedGMM_AttackOnly_100%_Tune-1_f1_score,0.9983414488932361,0.9913234661985242,0.9933908914642607,0.9923206850554172,N/A (Multi),"{'covariance_type': 'full', 'reg_covar': 1e-06, 'selection_metric': 'f1_score', 'tune_components': True, 'n_components': 1}"
Full-Dataset_SupervisedGMM_AttackOnly_100%_Fixed-3_aic,0.997852388951498,0.9867336863803858,0.9873556417794299,0.9868723151762607,N/A (Multi),"{'covariance_type': 'full', 'reg_covar': 1e-06, 'selection_metric': 'aic', 'tune_components': False, 'n_components': 3}"
Full-Dataset_SupervisedGMM_AttackOnly_100%_Tune-3_aic,0.9968104786408386,0.983328592659357,0.992769451699509,0.9878269755969117,N/A (Multi),"{'covariance_type': 'full', 'reg_covar': 0.001, 'selection_metric': 'aic', 'tune_components': True, 'n_components': 3}"
Full-Dataset_SupervisedGMM_AttackOnly_100%_Tune-3_accuracy,0.9968104786408386,0.983328592659357,0.992769451699509,0.9878269755969117,N/A (Multi),"{'covariance_type': 'full', 'reg_covar': 0.001, 'selection_metric': 'accuracy', 'tune_components': True, 'n_components': 3}"
Full-Dataset_SupervisedGMM_AttackOnly_100%_Tune-3_f1_score,0.9968104786408386,0.983328592659357,0.992769451699509,0.9878269755969117,N/A (Multi),"{'covariance_type': 'full', 'reg_covar': 0.001, 'selection_metric': 'f1_score', 'tune_components': True, 'n_components': 3}"
Full-Dataset_SupervisedGMM_AttackOnly_100%_Fixed-3_aic,0.9968104786408386,0.983328592659357,0.992769451699509,0.9878269755969117,N/A (Multi),"{'covariance_type': 'full', 'reg_covar': 0.001, 'selection_metric': 'aic', 'tune_components': False, 'n_components': 3}"
Full-Dataset_SupervisedGMM_AttackOnly_100%_Tune-1_aic,0.9981713410874141,0.9904348733909312,0.9915582744422621,0.9909508045509461,N/A (Multi),"{'covariance_type': 'tied', 'reg_covar': 1e-09, 'selection_metric': 'aic', 'tune_components': True, 'n_components': 1}"
Full-Dataset_SupervisedGMM_AttackOnly_100%_Tune-3_accuracy,0.9983414488932361,0.9915999732214876,0.9930498766140662,0.9922863844484198,N/A (Multi),"{'covariance_type': 'tied', 'reg_covar': 1e-09, 'selection_metric': 'accuracy', 'tune_components': True, 'n_components': 3}"
Full-Dataset_SupervisedGMM_AttackOnly_100%_Tune-3_f1_score,0.9983414488932361,0.9915999732214876,0.9930498766140662,0.9922863844484198,N/A (Multi),"{'covariance_type': 'tied', 'reg_covar': 1e-09, 'selection_metric': 'f1_score', 'tune_components': True, 'n_components': 3}"
Full-Dataset_SupervisedGMM_AttackOnly_100%_Fixed-3_aic,0.9983414488932361,0.9915999732214876,0.9930498766140662,0.9922863844484198,N/A (Multi),"{'covariance_type': 'tied', 'reg_covar': 1e-09, 'selection_metric': 'aic', 'tune_components': False, 'n_components': 3}"
Full-Dataset_SupervisedGMM_AttackOnly_100%_Tune-3_aic,0.9983201854175083,0.9913134689318945,0.9930428902514459,0.9921379244209918,N/A (Multi),"{'covariance_type': 'tied', 'reg_covar': 1e-06, 'selection_metric': 'aic', 'tune_components': True, 'n_components': 3}"
Full-Dataset_SupervisedGMM_AttackOnly_100%_Tune-2_accuracy,0.9982989219417806,0.9911965236175261,0.9930359038888258,0.9920742506492348,N/A (Multi),"{'covariance_type': 'tied', 'reg_covar': 1e-06, 'selection_metric': 'accuracy', 'tune_components': True, 'n_components': 2}"
Full-Dataset_SupervisedGMM_AttackOnly_100%_Tune-2_f1_score,0.9982989219417806,0.9911965236175261,0.9930359038888258,0.9920742506492348,N/A (Multi),"{'covariance_type': 'tied', 'reg_covar': 1e-06, 'selection_metric': 'f1_score', 'tune_components': True, 'n_components': 2}"
Full-Dataset_SupervisedGMM_AttackOnly_100%_Fixed-3_aic,0.9983201854175083,0.9913134689318945,0.9930428902514459,0.9921379244209918,N/A (Multi),"{'covariance_type': 'tied', 'reg_covar': 1e-06, 'selection_metric': 'aic', 'tune_components': False, 'n_components': 3}"
Full-Dataset_SupervisedGMM_AttackOnly_100%_Tune-3_aic,0.9967041612622,0.9828838770027647,0.9915502873466183,0.9869868240232097,N/A (Multi),"{'covariance_type': 'tied', 'reg_covar': 0.001, 'selection_metric': 'aic', 'tune_components': True, 'n_components': 3}"
Full-Dataset_SupervisedGMM_AttackOnly_100%_Tune-3_accuracy,0.9967041612622,0.9828838770027647,0.9915502873466183,0.9869868240232097,N/A (Multi),"{'covariance_type': 'tied', 'reg_covar': 0.001, 'selection_metric': 'accuracy', 'tune_components': True, 'n_components': 3}"
Full-Dataset_SupervisedGMM_AttackOnly_100%_Tune-3_f1_score,0.9967041612622,0.9828838770027647,0.9915502873466183,0.9869868240232097,N/A (Multi),"{'covariance_type': 'tied', 'reg_covar': 0.001, 'selection_metric': 'f1_score', 'tune_components': True, 'n_components': 3}"
Full-Dataset_SupervisedGMM_AttackOnly_100%_Fixed-3_aic,0.9967041612622,0.9828838770027647,0.9915502873466183,0.9869868240232097,N/A (Multi),"{'covariance_type': 'tied', 'reg_covar': 0.001, 'selection_metric': 'aic', 'tune_components': False, 'n_components': 3}"
Full-Dataset_SupervisedGMM_AttackOnly_100%_Tune-2_aic,0.9852006208934913,0.9170693094531491,0.9669409509522026,0.9371387138029826,N/A (Multi),"{'covariance_type': 'diag', 'reg_covar': 1e-09, 'selection_metric': 'aic', 'tune_components': True, 'n_components': 2}"
Full-Dataset_SupervisedGMM_AttackOnly_100%_Tune-3_accuracy,0.9914308192817198,0.9482531301327821,0.974901034000977,0.9589470154968268,N/A (Multi),"{'covariance_type': 'diag', 'reg_covar': 1e-09, 'selection_metric': 'accuracy', 'tune_components': True, 'n_components': 3}"
Full-Dataset_SupervisedGMM_AttackOnly_100%_Tune-3_f1_score,0.9914308192817198,0.9482531301327821,0.974901034000977,0.9589470154968268,N/A (Multi),"{'covariance_type': 'diag', 'reg_covar': 1e-09, 'selection_metric': 'f1_score', 'tune_components': True, 'n_components': 3}"
Full-Dataset_SupervisedGMM_AttackOnly_100%_Fixed-3_aic,0.9914308192817198,0.9482531301327821,0.974901034000977,0.9589470154968268,N/A (Multi),"{'covariance_type': 'diag', 'reg_covar': 1e-09, 'selection_metric': 'aic', 'tune_components': False, 'n_components': 3}"
Full-Dataset_SupervisedGMM_AttackOnly_100%_Tune-3_aic,0.9906865976312488,0.942564198472764,0.9726952571645078,0.9560085039829053,N/A (Multi),"{'covariance_type': 'diag', 'reg_covar': 1e-06, 'selection_metric': 'aic', 'tune_components': True, 'n_components': 3}"
Full-Dataset_SupervisedGMM_AttackOnly_100%_Tune-3_accuracy,0.9906865976312488,0.942564198472764,0.9726952571645078,0.9560085039829053,N/A (Multi),"{'covariance_type': 'diag', 'reg_covar': 1e-06, 'selection_metric': 'accuracy', 'tune_components': True, 'n_components': 3}"
Full-Dataset_SupervisedGMM_AttackOnly_100%_Tune-3_f1_score,0.9906865976312488,0.942564198472764,0.9726952571645078,0.9560085039829053,N/A (Multi),"{'covariance_type': 'diag', 'reg_covar': 1e-06, 'selection_metric': 'f1_score', 'tune_components': True, 'n_components': 3}"
Full-Dataset_SupervisedGMM_AttackOnly_100%_Fixed-3_aic,0.9906865976312488,0.942564198472764,0.9726952571645078,0.9560085039829053,N/A (Multi),"{'covariance_type': 'diag', 'reg_covar': 1e-06, 'selection_metric': 'aic', 'tune_components': False, 'n_components': 3}"
Full-Dataset_SupervisedGMM_AttackOnly_100%_Tune-3_aic,0.9910268132428927,0.945603999188746,0.9729932123584112,0.9586537604783523,N/A (Multi),"{'covariance_type': 'diag', 'reg_covar': 0.001, 'selection_metric': 'aic', 'tune_components': True, 'n_components': 3}"
Full-Dataset_SupervisedGMM_AttackOnly_100%_Tune-3_accuracy,0.9910268132428927,0.945603999188746,0.9729932123584112,0.9586537604783523,N/A (Multi),"{'covariance_type': 'diag', 'reg_covar': 0.001, 'selection_metric': 'accuracy', 'tune_components': True, 'n_components': 3}"
Full-Dataset_SupervisedGMM_AttackOnly_100%_Tune-3_f1_score,0.9910268132428927,0.945603999188746,0.9729932123584112,0.9586537604783523,N/A (Multi),"{'covariance_type': 'diag', 'reg_covar': 0.001, 'selection_metric': 'f1_score', 'tune_components': True, 'n_components': 3}"
Full-Dataset_SupervisedGMM_AttackOnly_100%_Fixed-3_aic,0.9910268132428927,0.945603999188746,0.9729932123584112,0.9586537604783523,N/A (Multi),"{'covariance_type': 'diag', 'reg_covar': 0.001, 'selection_metric': 'aic', 'tune_components': False, 'n_components': 3}"